,count,mean,std,min,25%,50%,75%,max
score_gain,20.0,0.1,3.258995647677202,-9.0,0.0,0.0,0.0,11.0
cohesion_gain,20.0,0.025,0.8955298343497698,-2.5,0.0,0.0,0.0,3.0
lexical_gain,20.0,0.025,0.830899955976714,-2.3,0.0,0.0,0.0,2.8
error_reduction,20.0,0.0,0.0,0.0,0.0,0.0,0.0,0.0
