feature,importance
rubric_views,0.1842355755211879
assignment_views,0.18288859718121203
time_on_task,0.13713858132249374
help_seeking_messages,0.11023048296819368
feedback_views,0.08969507493213663
ttr,0.08236928568027567
cohesion_index,0.07931321901095267
revision_frequency,0.07812892033028362
word_count,0.05600026305326413
