feature,importance
time_on_task,0.1723906437935252
word_count,0.1650716891738552
avg_sentence_length,0.10649999791978372
error_density,0.09996350894629319
assignment_views,0.09371046650437874
rubric_views,0.08072455170313896
academic_vocab_count,0.07538242331056276
feedback_views,0.05927212959811615
revision_frequency,0.05406662446223968
cohesion_index,0.04942747730407587
ttr,0.02342386039027274
help_seeking_messages,0.02006662689375795
